Label,# 样本,平均值,中位数,90% 百分位,95% 百分位,99% 百分位,最小值,最大值,异常 %,吞吐量/sec,接收 KB/sec,发送 KB/sec
用户秒杀商品,100000,1455,177,3141,11596,21002,1,21082,99.90%,3247.91322,1904.95,1878.36
总体,100000,1455,177,3141,11596,21002,1,21082,99.90%,3247.91322,1904.95,1878.36
