Label,# 样本,平均值,中位数,90% 百分位,95% 百分位,99% 百分位,最小值,最大值,异常 %,吞吐量/sec,接收 KB/sec,发送 KB/sec
线程组-批量用户注册:用户注册,100000,124,110,169,193,1035,1,3336,0.00%,3026.35959,1525,904.93
总体,100000,124,110,169,193,1035,1,3336,0.00%,3026.35959,1525,904.93
