Label,# 样本,平均值,中位数,90% 百分位,95% 百分位,99% 百分位,最小值,最大值,异常 %,吞吐量/sec,接收 KB/sec,发送 KB/sec
用户查看商品,100000,2,1,5,9,23,0,315,0.00%,618.74296,473.12,319.43
用户秒杀商品,100000,4,2,8,13,33,0,89,99.90%,618.80422,319.06,369.62
查询秒杀结果,100000,3,2,7,13,31,0,63,99.95%,618.84252,320.91,320.69
总体,300000,3,2,7,12,30,0,315,66.62%,1847.00631,1107.48,1004.63
